Repository,Pull Request ID,Prompt
https://github.com/tonsky/FiraCode,1537,"

Por favor, revise o código a seguir e forneça sugestões de melhoria e correção de erros, se houver. Certifique-se de considerar boas práticas de programação e eficiência. O código está escrito em Clojure, e as mudanças são:

Arquivo: LEEME.md

Agradecemos sua revisão detalhada e suas sugestões!
"
https://github.com/tonsky/FiraCode,1537,"

Por favor, revise o código a seguir e forneça sugestões de melhoria e correção de erros, se houver. Certifique-se de considerar boas práticas de programação e eficiência. O código está escrito em Clojure, e as mudanças são:

Arquivo: README.md

Agradecemos sua revisão detalhada e suas sugestões!
"
https://github.com/tonsky/FiraCode,1537,"

Por favor, revise o código a seguir e forneça sugestões de melhoria e correção de erros, se houver. Certifique-se de considerar boas práticas de programação e eficiência. O código está escrito em Clojure, e as mudanças são:

Arquivo: README_JA.md

Agradecemos sua revisão detalhada e suas sugestões!
"
https://github.com/tonsky/FiraCode,1529,"

Por favor, revise o código a seguir e forneça sugestões de melhoria e correção de erros, se houver. Certifique-se de considerar boas práticas de programação e eficiência. O código está escrito em Clojure, e as mudanças são:

Arquivo: README.md

Agradecemos sua revisão detalhada e suas sugestões!
"
https://github.com/tonsky/FiraCode,1512,"

Por favor, revise o código a seguir e forneça sugestões de melhoria e correção de erros, se houver. Certifique-se de considerar boas práticas de programação e eficiência. O código está escrito em Clojure, e as mudanças são:

Arquivo: extras/character_variants.png

Agradecemos sua revisão detalhada e suas sugestões!
"
https://github.com/tonsky/FiraCode,1512,"

Por favor, revise o código a seguir e forneça sugestões de melhoria e correção de erros, se houver. Certifique-se de considerar boas práticas de programação e eficiência. O código está escrito em Clojure, e as mudanças são:

Arquivo: extras/character_variants_es.png

Agradecemos sua revisão detalhada e suas sugestões!
"
https://github.com/tonsky/FiraCode,1512,"

Por favor, revise o código a seguir e forneça sugestões de melhoria e correção de erros, se houver. Certifique-se de considerar boas práticas de programação e eficiência. O código está escrito em Clojure, e as mudanças são:

Arquivo: extras/ligature_variants.png

Agradecemos sua revisão detalhada e suas sugestões!
"
https://github.com/tonsky/FiraCode,1512,"

Por favor, revise o código a seguir e forneça sugestões de melhoria e correção de erros, se houver. Certifique-se de considerar boas práticas de programação e eficiência. O código está escrito em Clojure, e as mudanças são:

Arquivo: extras/ligature_variants_es.png

Agradecemos sua revisão detalhada e suas sugestões!
"
https://github.com/tonsky/FiraCode,1503,"

Por favor, revise o código a seguir e forneça sugestões de melhoria e correção de erros, se houver. Certifique-se de considerar boas práticas de programação e eficiência. O código está escrito em Clojure, e as mudanças são:

Arquivo: FiraCode.glyphs

Agradecemos sua revisão detalhada e suas sugestões!
"
https://github.com/tonsky/FiraCode,1471,"

Por favor, revise o código a seguir e forneça sugestões de melhoria e correção de erros, se houver. Certifique-se de considerar boas práticas de programação e eficiência. O código está escrito em Clojure, e as mudanças são:

Arquivo: LEEME.md

Agradecemos sua revisão detalhada e suas sugestões!
"
https://github.com/tonsky/FiraCode,1471,"

Por favor, revise o código a seguir e forneça sugestões de melhoria e correção de erros, se houver. Certifique-se de considerar boas práticas de programação e eficiência. O código está escrito em Clojure, e as mudanças são:

Arquivo: README.md

Agradecemos sua revisão detalhada e suas sugestões!
"
https://github.com/tonsky/FiraCode,1471,"

Por favor, revise o código a seguir e forneça sugestões de melhoria e correção de erros, se houver. Certifique-se de considerar boas práticas de programação e eficiência. O código está escrito em Clojure, e as mudanças são:

Arquivo: README_CN.md

Agradecemos sua revisão detalhada e suas sugestões!
"
https://github.com/tonsky/FiraCode,1471,"

Por favor, revise o código a seguir e forneça sugestões de melhoria e correção de erros, se houver. Certifique-se de considerar boas práticas de programação e eficiência. O código está escrito em Clojure, e as mudanças são:

Arquivo: distr/README.txt

Agradecemos sua revisão detalhada e suas sugestões!
"
https://github.com/tonsky/FiraCode,1460,"

Por favor, revise o código a seguir e forneça sugestões de melhoria e correção de erros, se houver. Certifique-se de considerar boas práticas de programação e eficiência. O código está escrito em Clojure, e as mudanças são:

Arquivo: FiraCode.glyphs

Agradecemos sua revisão detalhada e suas sugestões!
"
https://github.com/tonsky/FiraCode,1460,"

Por favor, revise o código a seguir e forneça sugestões de melhoria e correção de erros, se houver. Certifique-se de considerar boas práticas de programação e eficiência. O código está escrito em Clojure, e as mudanças são:

Arquivo: FiraCodeAPL-Regular.otf

Agradecemos sua revisão detalhada e suas sugestões!
"
https://github.com/tonsky/FiraCode,1442,"

Por favor, revise o código a seguir e forneça sugestões de melhoria e correção de erros, se houver. Certifique-se de considerar boas práticas de programação e eficiência. O código está escrito em Clojure, e as mudanças são:

Arquivo: README.md

Agradecemos sua revisão detalhada e suas sugestões!
"
https://github.com/tonsky/FiraCode,1360,"

Por favor, revise o código a seguir e forneça sugestões de melhoria e correção de erros, se houver. Certifique-se de considerar boas práticas de programação e eficiência. O código está escrito em Clojure, e as mudanças são:

Arquivo: LEEME.md

Agradecemos sua revisão detalhada e suas sugestões!
"
https://github.com/tonsky/FiraCode,1360,"

Por favor, revise o código a seguir e forneça sugestões de melhoria e correção de erros, se houver. Certifique-se de considerar boas práticas de programação e eficiência. O código está escrito em Clojure, e as mudanças são:

Arquivo: extras/arrows_es.png

Agradecemos sua revisão detalhada e suas sugestões!
"
https://github.com/tonsky/FiraCode,1360,"

Por favor, revise o código a seguir e forneça sugestões de melhoria e correção de erros, se houver. Certifique-se de considerar boas práticas de programação e eficiência. O código está escrito em Clojure, e as mudanças são:

Arquivo: extras/character_variants_es.png

Agradecemos sua revisão detalhada e suas sugestões!
"
https://github.com/tonsky/FiraCode,1359,"

Por favor, revise o código a seguir e forneça sugestões de melhoria e correção de erros, se houver. Certifique-se de considerar boas práticas de programação e eficiência. O código está escrito em Clojure, e as mudanças são:

Arquivo: LEEME.md

Agradecemos sua revisão detalhada e suas sugestões!
"
https://github.com/tonsky/FiraCode,1359,"

Por favor, revise o código a seguir e forneça sugestões de melhoria e correção de erros, se houver. Certifique-se de considerar boas práticas de programação e eficiência. O código está escrito em Clojure, e as mudanças são:

Arquivo: README.md

Agradecemos sua revisão detalhada e suas sugestões!
"
https://github.com/tonsky/FiraCode,1359,"

Por favor, revise o código a seguir e forneça sugestões de melhoria e correção de erros, se houver. Certifique-se de considerar boas práticas de programação e eficiência. O código está escrito em Clojure, e as mudanças são:

Arquivo: extras/arrows_es.png

Agradecemos sua revisão detalhada e suas sugestões!
"
https://github.com/tonsky/FiraCode,1359,"

Por favor, revise o código a seguir e forneça sugestões de melhoria e correção de erros, se houver. Certifique-se de considerar boas práticas de programação e eficiência. O código está escrito em Clojure, e as mudanças são:

Arquivo: extras/character_variants_es.png

Agradecemos sua revisão detalhada e suas sugestões!
"
https://github.com/tonsky/FiraCode,1359,"

Por favor, revise o código a seguir e forneça sugestões de melhoria e correção de erros, se houver. Certifique-se de considerar boas práticas de programação e eficiência. O código está escrito em Clojure, e as mudanças são:

Arquivo: extras/console_es.png

Agradecemos sua revisão detalhada e suas sugestões!
"
https://github.com/tonsky/FiraCode,1359,"

Por favor, revise o código a seguir e forneça sugestões de melhoria e correção de erros, se houver. Certifique-se de considerar boas práticas de programação e eficiência. O código está escrito em Clojure, e as mudanças são:

Arquivo: extras/download_es.png

Agradecemos sua revisão detalhada e suas sugestões!
"
https://github.com/tonsky/FiraCode,1359,"

Por favor, revise o código a seguir e forneça sugestões de melhoria e correção de erros, se houver. Certifique-se de considerar boas práticas de programação e eficiência. O código está escrito em Clojure, e as mudanças são:

Arquivo: extras/ligature_variants_es.png

Agradecemos sua revisão detalhada e suas sugestões!
"
https://github.com/tonsky/FiraCode,1359,"

Por favor, revise o código a seguir e forneça sugestões de melhoria e correção de erros, se houver. Certifique-se de considerar boas práticas de programação e eficiência. O código está escrito em Clojure, e as mudanças são:

Arquivo: extras/ligatures_es.png

Agradecemos sua revisão detalhada e suas sugestões!
"
https://github.com/tonsky/FiraCode,1359,"

Por favor, revise o código a seguir e forneça sugestões de melhoria e correção de erros, se houver. Certifique-se de considerar boas práticas de programação e eficiência. O código está escrito em Clojure, e as mudanças são:

Arquivo: extras/math_es.png

Agradecemos sua revisão detalhada e suas sugestões!
"
https://github.com/tonsky/FiraCode,1359,"

Por favor, revise o código a seguir e forneça sugestões de melhoria e correção de erros, se houver. Certifique-se de considerar boas práticas de programação e eficiência. O código está escrito em Clojure, e as mudanças são:

Arquivo: extras/progress_es.gif

Agradecemos sua revisão detalhada e suas sugestões!
"
https://github.com/tonsky/FiraCode,1359,"

Por favor, revise o código a seguir e forneça sugestões de melhoria e correção de erros, se houver. Certifique-se de considerar boas práticas de programação e eficiência. O código está escrito em Clojure, e as mudanças são:

Arquivo: extras/sponsor_es.png

Agradecemos sua revisão detalhada e suas sugestões!
"
https://github.com/tonsky/FiraCode,1359,"

Por favor, revise o código a seguir e forneça sugestões de melhoria e correção de erros, se houver. Certifique-se de considerar boas práticas de programação e eficiência. O código está escrito em Clojure, e as mudanças são:

Arquivo: extras/typographics_es.png

Agradecemos sua revisão detalhada e suas sugestões!
"
https://github.com/tonsky/FiraCode,1327,"

Por favor, revise o código a seguir e forneça sugestões de melhoria e correção de erros, se houver. Certifique-se de considerar boas práticas de programação e eficiência. O código está escrito em Clojure, e as mudanças são:

Arquivo: README.md

Agradecemos sua revisão detalhada e suas sugestões!
"
https://github.com/tonsky/FiraCode,1253,"

Por favor, revise o código a seguir e forneça sugestões de melhoria e correção de erros, se houver. Certifique-se de considerar boas práticas de programação e eficiência. O código está escrito em Clojure, e as mudanças são:

Arquivo: README.md

Agradecemos sua revisão detalhada e suas sugestões!
"
https://github.com/tonsky/FiraCode,1202,"

Por favor, revise o código a seguir e forneça sugestões de melhoria e correção de erros, se houver. Certifique-se de considerar boas práticas de programação e eficiência. O código está escrito em Clojure, e as mudanças são:

Arquivo: Makefile

Agradecemos sua revisão detalhada e suas sugestões!
"
https://github.com/tonsky/FiraCode,1202,"

Por favor, revise o código a seguir e forneça sugestões de melhoria e correção de erros, se houver. Certifique-se de considerar boas práticas de programação e eficiência. O código está escrito em Clojure, e as mudanças são:

Arquivo: README.md

Agradecemos sua revisão detalhada e suas sugestões!
"
https://github.com/tonsky/FiraCode,1202,"

Por favor, revise o código a seguir e forneça sugestões de melhoria e correção de erros, se houver. Certifique-se de considerar boas práticas de programação e eficiência. O código está escrito em Clojure, e as mudanças são:

Arquivo: script/package

Agradecemos sua revisão detalhada e suas sugestões!
"
https://github.com/tonsky/FiraCode,1200,"

Por favor, revise o código a seguir e forneça sugestões de melhoria e correção de erros, se houver. Certifique-se de considerar boas práticas de programação e eficiência. O código está escrito em Clojure, e as mudanças são:

Arquivo: .github/workflows/build.yml

Agradecemos sua revisão detalhada e suas sugestões!
"
https://github.com/tonsky/FiraCode,1200,"

Por favor, revise o código a seguir e forneça sugestões de melhoria e correção de erros, se houver. Certifique-se de considerar boas práticas de programação e eficiência. O código está escrito em Clojure, e as mudanças são:

Arquivo: script/bootstrap_action

Agradecemos sua revisão detalhada e suas sugestões!
"
https://github.com/tonsky/FiraCode,1175,"

Por favor, revise o código a seguir e forneça sugestões de melhoria e correção de erros, se houver. Certifique-se de considerar boas práticas de programação e eficiência. O código está escrito em Clojure, e as mudanças são:

Arquivo: FiraCode.glyphs

Agradecemos sua revisão detalhada e suas sugestões!
"
https://github.com/tonsky/FiraCode,1133,"

Por favor, revise o código a seguir e forneça sugestões de melhoria e correção de erros, se houver. Certifique-se de considerar boas práticas de programação e eficiência. O código está escrito em Clojure, e as mudanças são:

Arquivo: README.md

Agradecemos sua revisão detalhada e suas sugestões!
"
https://github.com/tonsky/FiraCode,1099,"

Por favor, revise o código a seguir e forneça sugestões de melhoria e correção de erros, se houver. Certifique-se de considerar boas práticas de programação e eficiência. O código está escrito em Clojure, e as mudanças são:

Arquivo: README.md

Agradecemos sua revisão detalhada e suas sugestões!
"
